Sector,Note
travel tourism,Travel and Tourism Site for Vermont -- Note added 6/6/13 19:19
see historical,See historical snapshot at: http://web.archive.org/web/20080120044716/http://www.1800arkansas.com/  -- Note added 1/24/14 14:38
virginia service,"2-1-1 VIRGINIA is a service of the Virginia Department of Social Services provided in partnership with the Council of Community Services, the Family Resource and Referral Center, The Planning Council, the United Way of Central Virginia, and the United Way of Greater Richmond and Petersburg. -- Note added 5/27/14 14:14"
virginia service,"2-1-1 VIRGINIA is a service of the Virginia Department of Social Services provided in partnership with the Council of Community Services, the Family Resource and Referral Center, The Planning Council, the United Way of Central Virginia, and the United Way of Greater Richmond and Petersburg. -- Note added 1/10/14 19:17"
judicial district,4th Judicial District Attorney -- Note added 1/10/14 19:17
new york,"511 NY (New York State Department of Transportation), the free, official one-stop, all-encompassing telephone and Web service offering  information on transportation services and conditions throughout New York State.  -- Note added 1/24/14 14:34"
state idaho,State of Idaho (mirror website of www.idaho.gov) -- Note added 7/17/14 14:28
alabama cooperative,Alabama Cooperative Extension System -- Note added 6/12/13 16:37
new mexico,New Mexico Cooperative Extension Publications -- Note added 7/25/13 17:38
pennsylvania adoption,Pennsylvania Adoption Exchange -- Note added 6/30/14 15:39
alabama department,Alabama Department of Public Health -- Note added 6/12/13 16:40
university massachusetts,University of Massachusetts Center for Agriculture Research and Extension -- Note added 11/20/13 15:32
texas agrilife,Texas A&M AgriLife Extension -- Note added 3/3/15 6:32
alabama housing,Alabama Housing Finance Authority -- Note added 6/12/13 16:40
alaska housing,Alaska Housing Finance Corporation -- Note added 6/6/13 18:08
alaska industrial,Alaska Industrial Development and Export Authority -- Note added 6/6/13 18:08
department military,Alaska's Department of Military and Veterans Affairs Division of Homeland Security and Emergency Management -- Note added 6/27/14 6:01
alaska aerospace,Alaska Aerospace Corporation (Board of directors appointed by Alaska governor) -- Note added 7/23/14 15:36
alaska energy,Alaska Energy Authority -- Note added 6/6/13 18:08
alaska public,Alaska Public Broadcasting Commission -- Note added 6/6/13 18:08
alaska railroad,Alaska Railroad Corporation -- Note added 6/6/13 18:08
travel tourism,Travel and Tourism Site for Alabama -- Note added 6/6/13 19:22
alabama national,Alabama National Guard Counterdrug Program -- Note added 1/23/14 13:41
alabama film,Alabama Film Office -- Note added 6/12/13 16:42
legal information,"Alabama's Legal Information Center, Alabama Supreme Court and State Law Library Catalog -¬†catalog.alalinc.net and 2.alalinc.net -- Note added 6/12/13 16:43"
alaska railroad,Alaska Railroad Corporation -- Note added 7/2/13 17:55
alaska seafood,Alaska Seafood Marketing Institute -- Note added 6/6/13 18:08
alabama state,Alabama State Board of Medical Examiners (an administrative and regulatory agency of the state of Alabama) and the Medical Licensure Commission of Alabama -- Note added 6/12/13 16:46
alabama board,Alabama Board of Pharmacy -- Note added 6/12/13 16:47
alabama state,Alabama State Department of Education -- Note added 6/12/13 17:15
travel tourism,Travel and Tourism Site for American Samoa -- Note added 6/6/13 19:22
amtrak cascades,"Amtrak Cascades, a train service sponsored by the state departments of transportation of Washington and Oregon. -- Note added 6/17/14 14:40"
agency persons,Agency for Persons with Disabilities (APD) -- Note added 2/25/15 15:33
alaska permanent,Alaska Permanent Fund Corporation -- Note added 6/6/13 18:08
arkansas public,Arkansas Public Service Commission -- Note added 1/10/14 17:55
arbenefitsfor arkansas,ARBenefitsfor Arkansas State and Public School Plan MembersProvided by the Employee Benefit Division of the [Arkansas] Department of Finance & Administration -- Note added 12/10/14 6:24
arkansas fire,Arkansas Fire Protection Licensing Board -- Note added 6/12/13 18:10
arkansas national,Arkansas National Guard -- Note added 1/23/14 13:42
travel tourism,Travel and Tourism Site for Arizona -- Note added 6/6/13 19:16
arizona lottery,Arizona lottery -- Note added 11/18/13 15:03
workforce connection,"Arizona's Workforce Connection!, a website of the Governor's Council on Workforce Policy developed to provide easy access to the workforce development system in Arizona. -- Note added 11/18/13 15:13"
arkansas history,"Arkansas History Commission, a division of the Arkansas Department of Parks and Tourism -- Note added 12/10/14 6:32"
travel tourism,Travel and Tourism Site for Arkansas -- Note added 6/6/13 19:23
arkansas childrens,Arkansas Children's Trust Fund -- Note added 7/17/13 16:07
arkansas department,Arkansas Department of Education -- Note added 12/10/14 6:56
arkansas economic,Arkansas Economic Development Coorporation (AEDC) -- Note added 1/24/14 14:36
arkansas ethics,Arkansas Ethics Commission -- Note added 7/17/13 16:13
arkids first,"ARKids First health insurance, Arkansas Department of Human Services -- Note added 1/10/14 19:17"
arkansas livestock,Arkansas Livestock and Poultry Commission -- Note added 7/17/13 16:14
arkansas state,Arkansas State Medical Board -- Note added 7/17/13 17:16
arkansas state,Arkansas State Board of Optometry -- Note added 11/18/13 15:44
arkansas state,Arkansas State Board of Physical Therapy -- Note added 11/18/13 15:45
arkansas state,Arkansas State Board of Collection Agencies -- Note added 11/18/13 15:45
alabama state,"Alabama State Port Authority, Mobile, AL -- Note added 6/12/13 17:16"
american samoa,American Samoa Territorial Energy Office -- Note added 6/7/13 14:55
new york,New York State Public Service Commission‚Äôs Consumer Web Site -- Note added 1/10/14 19:17
california state,"California State Assembly Democratic Caucus, State of California -- Note added 6/6/13 18:08"
assistive technology,Assistive Technology Loan Fund Authority. The authority offers low interest loans for a variety of special equipment to eligible applicants. See the establishing law at http://law.lis.virginia.gov/authorities/assistive-technology-loan-fund-authority-atlfa  -- Note added 7/23/14 15:46
arizona board,Arizona Board of Behavioral Health Examiners -- Note added 12/11/13 13:50
arizona commerce,Arizona Commerce Authority -- Note added 12/11/13 13:50
arizona state,Arizona State Board of Dental Examiners -- Note added 12/11/13 13:50
arizona state,Arizona State Parks -- Note added 12/11/13 13:51
uss north,"USS North Carolina Battleship, North Carolina Department of Cultural Resources -- Note added 3/20/14 17:19"
village baxter,"Village of Baxter Estates, Port Washington, NY -- Note added 6/8/15 12:11"
north carolina,North Carolina Board of Massage & Bodywork Therapy -- Note added 9/11/15 18:20
museum natural,NC museum of natural sciences  -- Note added 9/11/15 18:50
state connecticut,State of Connecticut Bonds -- Note added 6/27/13 19:52
california humanities,"California Humanities is an independent non-profit partner of the National Endowment for the Humanities,  nthat promotes the humanities in California in order to help create &ldquo;a state of open mind.' -- Note added 3/10/15 15:07"
californiavolunteers state,"CaliforniaVolunteers, the state office that manages programs and initiatives aimed at increasing the number of Californians engaged in service and volunteering -- Note added 11/22/13 14:11"
state independent,CA State Independent Living Counsel advocates for persons with disabilities to enable them to live independently. n  -- Note added 3/5/15 22:35
california state,California State Teachers Retirement System -- Note added 3/9/15 15:17
nebraska state,Nebraska State Capitol -- Note added 12/6/13 19:48
caswell developmental,"Caswell Developmental Center, NC Division of State Operated Healthcare Facilities -- Note added 6/6/13 18:08"
california environmental,"California Environmental Health Tracking Program, California Department of Public Health -- Note added 10/24/14 12:09"
univ kentucky,Univ of Kentucky Extension website -- Note added 8/27/15 16:14
hawaiipacific area,"Hawaii-Pacific Area Combined Federal Campaign - geographic area includes the State of Hawaii, Guam, Northern Marianas Islands, and American Samoa -- Note added 6/12/13 13:14"
tristate cfc,"Tristate CFC, Indiana -- Note added 8/27/15 14:19"
college foundation,"College Foundation of North Carolina, a¬†service of the State¬†of North Carolina -- Note added 7/24/13 16:09"
chesapeake bay,"Chesapeake Bay Program, Restoration of the Chesapeake Bay http://www.chesapeakebay.net -- Note added 11/20/13 16:26"
childrens health,Pennsylvania's Children's Health Insurance Program (CHIP) -- Note added 6/6/13 18:08
maryland department,Maryland Department of Business and Economic Development -- Note added 1/10/14 19:17
connecticut historical,Connecticut Historical SocietyMuseum and Library -- Note added 12/15/14 6:22
statesville note,"statesville, nc -- Note added 9/11/15 19:22"
clemson univ,"Clemson Univ, Sc -- Note added 8/28/15 13:40"
arkansas commission,Arkansas Commission on Law Enforcement Standards and Training -- Note added 7/17/13 18:34
coliseum boulevard,"Coliseum Boulevard Plume (CBP), an area in Montgomery, Alabama, where the groundwater 10-50 feet below land surface contains trichloroethylene (TCE).  Investigation, management, and cleanup of the groundwater is being conducted by the https://www.dot.state.al.us/ Alabama Department of Transportation (ALDOT). -- Note added 9/24/14 16:14"
travel tourism,Travel and Tourism Site for Colorado -- Note added 6/6/13 19:23
colorado lottery,Colorado lottery -- Note added 6/12/13 14:06
colorado call,"Colorado No Call program. A private company, Data Protection Group, operates this site under contract with the Colorado Public Utilities Commission. -- Note added 7/11/14 5:54"
upper colorado,"Upper Colorado River Endangered Fish Recovery Program, U.S. Fish and Wildlife Service -- Note added 7/23/14 13:45"
north carolina,North Carolina DOT Complete Streets -- Note added 1/22/14 18:53
correction enterprises,"Correction Enterprises, North Carolina Department of Public Safety -- Note added 7/24/13 14:00"
louisiana crawfish,Louisiana Crawfish Promotion and Research Board (LCPRB) -- Note added 9/22/15 16:53
georgia superior,Georgia Superior Courts -- Note added 8/25/15 14:44
connecticut state,Connecticut State Treasury Unclaimed Property Owners List -- Note added 12/15/14 6:38
center technology,"Center for Technology at the University at Albany, State University of New York -- Note added 6/29/15 15:02"
connecticut lottery,Connecticut lottery -- Note added 6/12/13 14:06
connecticut state,Connecticut State Library -- Note added 7/26/13 16:15
travel tourism,Travel and Tourism Site for Connecticut -- Note added 6/6/13 19:28
clean water,Clean Water Management Trust Fund  -- Note added 9/11/15 19:49
secretary state,IL Secretary of State -- Note added 7/1/14 20:19
delaware national,Delaware National Guard -- Note added 1/23/14 14:03
division employment,"Division of Employment Security (DES), NC Department of Commerce (NCC) -- Note added 9/22/15 14:15"
massachusetts jobquest,"Massachusetts JobQuest, Massachusetts Deparment of Career Services -- Note added 12/17/14 15:04"
digital maine,"About the Digital Maine Repository The Digital Maine Repository is one of several services of the Maine State Library to facilitate digitization of - and enhanced access to - collections related to Maine history, genealogy, culture and government. The repository was designed to host a variety of media including books, images, maps and documents, as well as audio and video collections.  -- Note added 12/8/16 22:08"
travel tourism,Travel and Tourism Site for Ohio -- Note added 6/6/13 19:30
travel tourism,Travel and Tourism Site for South Carolina -- Note added 6/6/13 19:30
virginia department,Virginia Department of Motor Vehicles -- Note added 6/6/14 20:27
american samoa,American Samoa Department of Education -- Note added 4/4/14 10:58
dept revenue,NC Dept of Revenue -- Note added 9/11/15 19:50
corridor planning,"Driving95 Corridor Planning and Finance Study website, North Carolina Department of Transportation (NCDOT) -- Note added 9/22/15 16:56"
wisconsin national,Wisconsin National Guard Drug Control Program -- Note added 1/23/14 14:03
myeatsmartmovemorecom consumer,myeatsmartmovemore.com is the 'consumer' site and eatsmartmovemorenc.com is the 'program' site. -- Note added 7/24/13 16:22
educational communications,Educational Communications Board of WI -- Note added 8/5/14 5:24
environmental hearing,"Environmental Hearing Board, State of Pennsylvania -- Note added 11/19/13 12:52"
environmental health,Environmental Health Officer Professional Advisory Committee -- Note added 6/14/13 19:13
virginia office,Virginia Office of the State Long-Term Care Ombudsman -- Note added 8/27/15 15:01
washington state,Washington State University ExtensionEnergy Program -- Note added 11/20/14 7:13
energy section,"The Energy Section in the Division of Energy, Mineral and Land Resources  -- Note added 9/11/15 19:55"
illinois office,Illinois Office of Tourism -- Note added 7/1/14 20:35
environmental help,environmental help website of NC -- Note added 9/11/15 19:56
nebraska environmental,Nebraska Environmental Trust -- Note added 12/6/13 19:52
site eastwest,This is a site of the east-west gateway Council of Government in the bi-state St. Louis area. -- Note added 10/1/15 20:20
executive action,Executive Action Team (EXACT) Multilateral Working Group on Water Resources -- Note added 8/19/13 16:18
travel tourism,Travel and tourism site for Washington State -- Note added 6/6/13 19:36
travel tourism,Travel and Tourism Site for Georgia -- Note added 6/6/13 19:36
travel tourism,Travel and tourism site for state of Minnesota hosted by Explore Minnesota Tourism -- Note added 4/26/15 2:33
virginia cooperative,Virginia Cooperative Extension  -- Note added 6/6/14 20:29
washington state,Washington State University Extension -- Note added 11/20/14 7:10
west virginia,West Virginia University Extension Service -- Note added 7/24/14 5:33
iowa state,Iowa State University Extension -- Note added 8/25/15 20:26
university illinois,University of Illinois Extension -- Note added 11/20/13 15:35
new mexico,New Mexico Cooperative Extension Service -- Note added 7/25/13 17:39
oregon state,Oregon State University Extension Service -- Note added 6/20/14 16:52
penn state,Penn State Extension -- Note added 9/30/14 13:18
purdue indiana,Purdue (Indiana) Cooperative Extension -- Note added 7/19/13 13:34
university delaware,University of Delaware Cooperative Extension Service -- Note added 6/7/13 16:52
univ maine,Univ of Maine extension -- Note added 8/27/15 18:13
university minnesota,University of Minnesota Extension -- Note added 12/6/13 16:23
univ note,Univ of NH -- Note added 8/28/15 18:52
university nebraskandashlincoln,University of Nebraska&ndash;Lincoln Extension -- Note added 11/20/13 19:17
utah state,Utah State University extension -- Note added 8/21/14 5:14
state family,OK State Family & Consumer website -- Note added 8/28/15 16:47
florida commission,"The Florida Commission on the Status of Women - The Florida Commission on the Status of Women is a nonpartisan board, statutorily created in 1991, consisting of 22 appointed members. The Commission is administratively housed in the Office of the Attorney General. -- Note added 7/9/15 14:45"
film industry,SC film industry -- Note added 8/28/15 13:47
pennsylvania fish,Pennsylvania Fish and Boat Commission (PFBC) -- Note added 6/7/13 11:30
florida lottery,Florida lottery -- Note added 6/12/13 14:07
florida courts,"Florida Courts - The mission of the judicial branch is to protect rights and liberties, uphold and interpret the law, and provide for the peaceful resolution of disputes. -- Note added 6/17/15 13:01"
florida department,Florida Department of Education -- Note added 6/17/15 13:06
florida governors,Florida Governor's Office -- Note added 6/6/13 18:08
florida office,"Florida Office of Financial Regulation - Key Function: provides regulatory oversight for Florida's financial services providers.  Mission: to protect the citizens of Florida, promote a safe and sound financial marketplace, and contribute to the growth of Florida's economy with smart, efficient and effective regulation of the financial services industry. -- Note added 6/17/15 13:13"
florida office,Florida Office of Insurance Regulation - To promote a stable and competitive insurance market for consumers. -- Note added 6/17/15 13:17
florida national,Florida National Guard Counterdrug.  n   Florida Counterdrup Program - Under this authority our office provides oversight of the FLARNG and FLANG Substance Abuse Prevention Programs.      -- Note added 6/17/15 13:20
florida fish,Florida Fish and Wildlife Conservation Commission -- Note added 7/8/14 12:46
florida redistricting,Florida re-districting website.  House Speaker Will Weatherford and Senate President Don Gaetz called a special session from August 7-15 to amend Congressional Districts 5 and 10 consistent with the Final Judgment issued by the circuit court in Romo v. Detzner and to make conforming changes to districts that are a direct result of the changes to Congressional Districts 5 and 10. -- Note added 6/23/15 18:02
florida environmental,"Florida Environmental Public Health Tracking, Florida Department of Health This web portal was supported by Cooperative Agreement Number 5U38EH000941 from the Centers for Disease Control and Prevention. Its contents are solely the responsibility of the authors (FL Tracking Team) and do not necessarily represent the official views of the Centers for Disease Control and Prevention. -- Note added 7/9/15 15:15"
state unclaimed,"The state of Florida's Unclaimed Property, Florida Treasure Hunt. -- Note added 6/6/13 18:08"
florida water,"Florida Water Permiting Portal This portal provides links to information about water resource permitting in Florida, and links to DEP and the water management districts to: n Apply for permits and other authorizations, including: n Environmental Resource Permits * (and authorizations to use state-owned submerged lands, where applicable) Consumptive and Water Use Permits Well Construction Permits Works of the District Permits    -- Note added 6/23/15 18:21"
florida department,Florida Department of Agriculture and Consumer Services -- Note added 1/10/14 19:03
national government,National Government of the Federated States of Micronesia -- Note added 6/12/13 13:58
georgia national,Georgia National Guard -- Note added 1/23/14 13:59
state georgia,State of Georgia Department of Education -- Note added 6/6/13 18:08
georgia lottery,Georgia lottery -- Note added 6/12/13 14:07
call list,GA Do Not Call List. GA Dept of Law. Consumer Protection Unit.  -- Note added 8/25/15 15:32
georgia state,Georgia State Defense Force -- Note added 1/23/14 14:03
georgia state,Georgia State Defense Force public beta domain. Crosslinked with gasdf.us email domain.
georgia state,Georgia State Defense Force email domain. Referenced on https://directory.doas.ga.gov/. Not in use as a public website.
gear mississippi,"GEAR UP Mississippi operates as part of the Institutions of Higher Learning, Office of Academic and Student Affairs in collaboration with the Mississippi Department of Education, State Board for Community and Junior Colleges and community and national partners. Funding is provided by the United States Department of Education. -- Note added 7/23/14 17:21"
lousiana national,Lousiana National Guard -- Note added 1/22/14 19:28
new mexico,New Mexico Bureau of Geology & Mineral Resources -- Note added 7/16/14 5:13
georgia civil,The Georgia Civil War Commission -- Note added 8/25/15 15:31
georgia fiscal,The Georgia Fiscal Management Council    -- Note added 8/25/15 15:30
georgia trust,Georgia Trust (Preservation Committee) -- Note added 8/25/15 15:28
governors office,Governor's Office of Homeland Security and Emergency Preparedness -- Note added 1/10/14 19:17
oregon student,Oregon Student Access Commission -- Note added 1/10/14 19:17
national fair,Ga National Fair Grounds and Agricenter -- Note added 8/25/15 15:27
georgia commission,Georgia Commission on Dispute Resolution -- Note added 12/5/13 14:15
hawaii tourism,"Hawaii Tourism Authority, Travel and Tourism Site for Hawaii -- Note added 2/10/15 14:00"
pennsylvania fish,Pennsylvania Fish and Boat Commission's Outdoor Shop -- Note added 6/7/13 11:34
got agriculture,"Got to Be NC Agriculture, Goodness Grows in NC, North Carolina Department of Agriculture & Consumer Services -- Note added 6/28/13 16:56"
got festival,"Got To Be NC Festival, a production of the NC Department of Agriculture -- Note added 8/2/13 15:48"
consumer protection,Consumer Protection Division of the Arkansas Attorney General's Office -- Note added 1/10/14 19:17
office governor,"Office of the Governor and Lt. Governor, Commonwealth of the Northern Mariana Islands plus *.gov.mp pattern for other government websites -- Note added 6/7/13 18:59"
govpr pattern,"*.gov.pr pattern for several Puerto Rican government agencies, such as https://www.google.com/#q=site:gov.pr  -- Note added 7/23/14 14:48"
govvi pattern,*.gov.vi pattern for Virgin Island government sites -- Note added 6/7/13 18:57
virginia correctional,"Virginia Correctional Enterprises, a Department of Corrections work program to produce goods and services for agencies of the Commonwealth of Virginia  -- Note added 11/19/13 21:11"
governor phil,"Governor Phil Bryant (Mississippi's 64th governor, 2012-) -- Note added 12/6/13 13:03"
governor morehead,Governor Morehead School for the Blind -- Note added 7/31/13 16:23
office group,"Office of Group Benefits, State of Louisiana -- Note added 9/22/15 17:04"
georgia student,Georgia Student Finance Commission -- Note added 8/25/15 15:25
guam attorney,Guam Attorney General -- Note added 6/7/13 17:47
guam legislature,Guam Legislature -- Note added 6/7/13 17:46
guam department,Guam Department of Revenue and Taxation -- Note added 6/7/13 17:56
official site,Official site of the Washington Dairy Products Commission -- Note added 11/20/14 6:54
hawaii state,Hawaii State Department of Education -- Note added 6/6/13 18:08
village hoffman,"Village of Hoffman Estates, IL -- Note added 7/2/14 18:35"
minnesota house,Minnesota House of Representatives -- Note added 11/9/15 20:35
historical society,Historical Society of New Mexico -- Note added 7/16/14 5:16
michigan state,Michigan State Humanities and Social Services Online -- Note added 9/3/15 15:22
high technology,High Technology Development Corporation. HTDC 'is a state agency established by the Hawaii State Legislature in 1983 to facilitate the development and growth of Hawaii's commercial high technology industry.' -- Note added 6/12/13 13:21
health wellness,NC health and Wellness Trust fund -- Note added 9/11/15 20:19
iowa lottery,Iowa Lottery -- Note added 6/12/13 14:08
university nebraska,University of Nebraska - Lincoln Extension publications -- Note added 11/20/13 19:14
idaho army,Idaho Army National Guard -- Note added 1/23/14 14:03
idaho lottery,Idaho Lottery -- Note added 6/12/13 14:09
ideal idaho,IDeal - Idaho College Savings Program -- Note added 7/8/13 19:00
benefits portal,"Benefits Portal, http://www.in.gov/fssa/ Indiana Family and Social Services Administration -- Note added 11/20/13 19:35"
office illinois,Office of the Illinois State Treasurer -- Note added 7/2/14 18:37
illinois lottery,Illinois Lottery -- Note added 6/12/13 14:09
travel tourism,Travel and Tourism Site for New York -- Note added 6/6/13 19:12
inclusive health,"Inclusive Health, North Carolina Health Insurance Risk Pool, Inc. -- Note added 11/20/13 19:54"
innovate washington,Innovate Washington is hereby created as a state agency exercising public and essential governmental functions. Innovate Washington is created as the successor to the Washington technology center and the Spokane intercollegiate research and technology institute (SIRTI). See http://apps.leg.wa.gov/RCW/default.aspx?cite=43.333&full=true  -- Note added 7/23/14 14:21
guam economic,Guam Economic Development Authority (GEDA) web site. GEDA is an autonomous agency of the Government of Guam and a Guam public corporation. -- Note added 6/7/13 17:59
montana board,Montana Board of Investments -- Note added 11/21/13 14:44
iowa economic,Iowa Economic Development Authority -- Note added 11/21/13 15:05
iowa tribe,"Iowa Tribe of Oklahoma, Perkins, OK -- Note added 11/21/13 15:11"
iowa national,Iowa National Guard -- Note added 1/23/14 14:03
iowa state,Iowa State Fair -- Note added 6/12/13 18:48
north carolina,"The North Carolina Division of Public Health, Injury and Violence Prevention Branch, Youth Suicide Prevention Program works in collaboration with The North Carolina Youth Suicide Prevention Task Force to address youth suicide prevention in North Carolina. -- Note added 11/21/13 20:33"
new jersey,new jersey history site -- Note added 9/16/15 14:49
julian f,Julian F. Keith Alcohol and Drug Abuse Treatment Center. JFK ADATC operates under the authority of the State of North Carolina through the Division of State Operated Healthcare Facilities -- Note added 9/22/15 17:00
department labor,Jobs4Jersey. NJ Department of Labor and Workforce Development. -- Note added 6/6/13 18:08
unified courts,"Unified Courts of Guam, Guam Judiciary - www.justice.gov.gu -- Note added 6/7/13 17:57"
justice administration,"Justice Administration Commission - The Justice Administrative Commission (JAC), created in 1965, provides administrative services on behalf of 49 judicial related entities. -- Note added 6/23/15 19:03"
kentucky academic,Kentucky Academic Advising Association -- Note added 1/3/14 13:19
kansas highway,Kansas Highway Patrol -- Note added 7/9/14 4:30
kentucky center,kentucky center -- Note added 8/27/15 16:36
kentucky national,Kentucky National Guard -- Note added 1/23/14 14:03
kentucky housing, kentucky housing corp -- Note added 8/27/15 16:37
kentucky state,Kentucky State Police -- Note added 6/12/13 18:09
travel tourism,Travel and Tourism Site for Kentucky -- Note added 6/6/13 19:38
kentucky higher,Kentucky Higher Education Assistance Authority -- Note added 7/26/13 17:48
legislature note,Ky legislature -- Note added 8/27/15 16:39
kansas state,Kansas State Board of Healing Arts -- Note added 7/9/14 4:38
kansas state,Kansas State Board of Nursing -- Note added 7/9/14 4:39
kansas judicial,Kansas Judicial Branch -- Note added 7/9/14 4:40
kansas department,Kansas Department of Transportation -- Note added 3/20/14 15:35
kansas historical,Kansas Historical Society -- Note added 7/9/14 4:41
kansas state,Kansas State Legislature -- Note added 7/9/14 4:42
kansas lottery,Kansas Lottery -- Note added 6/12/13 14:09
kansas department,Kansas Department of Revenue -- Note added 7/9/14 4:44
office secretary,"Office of the Secretary of State, State of Kansas -- Note added 7/23/14 15:51"
kentucky department,Kentucky Department of Agriculture -- Note added 7/5/13 17:39
convention center,ky convention center  -- Note added 8/27/15 16:39
kentucky education,Kentucky Education Professional Standards Board -- Note added 7/5/13 17:38
expo center,KY expo center -- Note added 8/27/15 16:41
kentucky lottery,Kentucky Lottery -- Note added 6/12/13 14:10
treasury note,KY Treasury -- Note added 8/27/15 16:42
board examiners,LA Board of Examiners of Nursing Facility Administrators -- Note added 9/22/15 20:03
louisiana board,Louisiana Board of Massage Therapy -- Note added 11/12/15 17:36
louisiana board,Louisiana Board of Pharmacy -- Note added 8/24/15 14:41
louisiana state,Louisiana State Board of Social Work Examiners -- Note added 8/24/15 14:41
louisiana state, Louisiana State Board of Chiropractic Examiners -- Note added 8/24/15 14:42
council information,The Council of Information Services Directors for Louisiana -- Note added 8/24/15 14:43
louisiana board,Louisiana Board of Examiners of Certified Shorthand Reporters -- Note added 9/23/15 12:16
louisiana developmental,Louisiana Developmental Disabilities Council -- Note added 9/23/15 13:30
louisiana egg,"Louisiana Egg Commission, Louisiana Department of Agriculture & Forestry  -- Note added 9/23/15 14:53"
louisiana auctioneers,Louisiana Auctioneers Licensing Board -- Note added 9/23/15 16:37
louisiana professional,Louisiana Professional Engineering and Land Surveying Board -- Note added 8/24/15 14:46
louisiana physical,Louisiana Physical Therapy Board -- Note added 8/24/15 14:46
louisiana supreme,Louisiana Supreme Court -- Note added 9/23/15 16:38
louisiana state,Louisiana State Board of Architectural Examiners -- Note added 1/14/14 14:13
louisiana workforce,Louisiana Workforce Commission (LAWorks) -- Note added 9/23/15 16:41
louisiana board,Louisiana Board of Examiners in Dietetics and Nutrition  -- Note added 8/24/15 14:48
louisiana board,Louisiana board of speech language pathology -- Note added 8/24/15 14:51
legislature virgin,Legislature of the Virgin Islands -- Note added 8/18/14 14:07
league kansas,League of Kansas Municipalities -- Note added 7/9/14 4:50
south carolina,"South Carolina Department of Labor, Licensing and Regulation -- Note added 1/17/14 15:50"
league minnesota,"League of Minnesota Cities Per the 'About the League' section of their website, LMC is 'a membership organization dedicated to promoting excellence in local government.'  -- Note added 4/26/15 4:37"
loteréa electrénica,Loter√É¬≠a Electr√É¬≥nica de Puerto Rico -- Note added 6/12/13 14:11
louisiana community,Louisiana Community Development Authority -- Note added 9/23/15 12:18
louisiana lottery,Louisiana Lottery Corporation -- Note added 6/12/13 14:13
louisiana seafood,"Louisiana Seafood Board. In 1984, the State of Louisiana created the Louisiana Seafood Promotion & Marketing Board. For more information see https://www.legis.la.gov/legis/BoardMembers.aspx?boardId=355. -- Note added 11/12/15 15:08"
louisiana tax,Louisiana Tax Free Shopping Commission -- Note added 9/23/15 16:44
travel tourism,Travel and Tourism Site for Louisiana -- Note added 6/6/13 19:40
licensed professional,Licensed Professional Counselors Board of Examiners -- Note added 8/24/15 14:53
police jury,Police Jury Association of Louisiana -- Note added 7/23/13 19:36
llpvrc board,LLPVRC Board of Examiners -- Note added 8/24/15 14:54
louisiana state,Louisiana State Board of Examiners of Psychologists   -- Note added 8/24/15 14:55
louisiana state,Louisiana State Board of Examiners for Sanitarians -- Note added 9/23/15 16:47
louisiana state,Louisiana State Board of Examiners of Interior Designers -- Note added 9/23/15 16:48
louisiana board,Louisiana Board of Massage Therapy -- Note added 11/12/15 17:34
louisiana state,Louisiana State Board of Private Investigator Examiners -- Note added 8/24/15 14:55
louisiana state,LOUISIANA STATE BOARD OF PRACTICAL NURSE EXAMINERS -- Note added 8/24/15 14:56
louisiana board,Louisiana Board of Veterinary Medicine -- Note added 8/24/15 14:56
louisiana board,Louisiana Board of Drug and Device Distributors -- Note added 8/24/15 14:57
lsu center,LSU Ag Center -- Note added 8/24/15 14:57
league wisconsin,League of Wisconsin Municipalities -- Note added 8/5/14 6:00
maine history,maine history -- Note added 8/27/15 18:29
maine state,maine state housing authority -- Note added 8/27/15 18:30
maine state,Maine State Lottery - www.mainelottery.com -- Note added 6/12/13 14:14
maine turnpike,maine turnpike authority -- Note added 8/27/15 18:30
comptroller maryland,Comptroller of Maryland -- Note added 5/27/14 3:01
mass budget,Mass budget & policy Center -- Note added 8/26/15 16:11
cultural council,Ma cultural Council -- Note added 8/26/15 16:11
mass historical,Mass historical society -- Note added 8/26/15 16:12
massachuetts state,Massachuetts State Lottery -- Note added 6/12/13 14:14
travel tourism,Travel and Tourism Site for Massachusetts -- Note added 6/6/13 19:40
montana bureau,"Montana Bureau of Mines and Geology, a nonregulatory state agency -- Note added 11/22/13 13:34"
maryland traveller,"Maryland 511 Traveller Information, Maryland Department of Transportation -- Note added 1/26/15 12:49"
maine development,maine development foundation -- Note added 8/27/15 18:31
maryland department,Maryland Department of Housing and Community Development -- Note added 6/6/13 18:08
maryland kids,"Maryland Kids Page, Office of the Secretary of State -- Note added 6/6/13 18:08"
maryland lottery,Maryland Lottery -- Note added 6/12/13 14:14
maryland stadium,Maryland Stadium Authority -- Note added 5/27/14 3:08
mississippi department,"Mississippi Department of Wildlife, Fisheries, and Parks -- Note added 7/25/14 12:41"
municipal employees,Municipal Employees' Retirement System -- Note added 9/3/15 15:37
montana guaranteed,"Montana Guaranteed Student Loan Program (MGSLP), a program within the Office of the Commissioner of Higher Education -- Note added 11/22/13 13:35"
alaska mental,Alaska Mental Health Trust Authority -- Note added 6/6/13 18:08
alaska mental,Alaska Mental Health Trust Land Office -- Note added 6/6/13 18:08
travel tourism,Travel and Tourism Site for Michigan -- Note added 6/6/13 19:41
michigan humanities,michigan humanities council -- Note added 9/3/15 15:38
michigan lottery,Michigan Lottery -- Note added 12/17/14 12:25
michigan state,Michigan State Park and Harbor Reservations  -- Note added 9/3/15 15:41
michigan lottery,Michigan Lottery Connect (Blog) -- Note added 12/17/14 12:29
michigan national,Michigan National Guard -- Note added 1/23/14 14:03
minnesota national,Minnesota National Guard URL must have 'www' to resolve  -- Note added 4/26/15 5:37
mississippi development,Mississippi Development Authority -- Note added 7/25/14 12:42
campgrounds camping,Campgrounds and Camping at Mississippi State Parks -- Note added 3/20/14 16:45
missouri center,"Missouri Center for the Books, an affiliate of the national Center for the Book in the Library of Congress, which was established by law in 1977 to strengthen and celebrate the vital role of books, reading, and libraries in the cultural life of the nation. -- Note added 1/13/14 19:38"
missourifamilies produced,"MissouriFamilies is produced by the College of Human Environmental Sciences, Extension Division, University of Missouri -- Note added 1/10/14 19:17"
minnesota association,"Minnesota Association of Watershed Districts, Inc. Per the 'What is MAWD?' section of their website, 'the Minnesota Association of Watershed Districts provides educational opportunities, information and training for watershed district managers and staff through yearly tours, meetings and quarterly newsletters.' -- Note added 4/26/15 5:42"
missouri national,Missouri National Guard -- Note added 1/23/14 14:03
missouri lottery,Missouri Lottery -- Note added 6/12/13 14:15
alabama state,The Alabama State Treasury's official website for unclaimed property searches -- Note added 6/6/13 18:08
montana kids,"Montana Kids, an official state site of the http://visitmt.com/ Montana Office of Tourism. -- Note added 11/22/13 13:38"
montana lottery,Montana Lottery -- Note added 6/12/13 14:15
montana state,"Montana State Fund, created by the state legislature in 1990 to create a fair and equitable system of workers' compensation insurance. -- Note added 11/18/13 16:26"
mountain state,Mountain State Combined Federal Campaign -- Note added 7/24/14 5:41
mississippi industries,"Mississippi Industries for the Blind, a state agency of Mississippi -- Note added 7/25/14 12:47"
mississippi state,Mississippi State Board of Contractors -- Note added 7/25/14 12:48
mississippi athletic,Mississippi Athletic Commission -- Note added 7/25/14 12:49
maryland state,Maryland State Commission on Criminal Sentencing Policy -- Note added 5/27/14 3:25
mississippi emergency,Mississippi Emergency Management Agency -- Note added 7/25/14 12:51
mississippi home,Mississippi Home Corporation -- Note added 7/25/14 12:52
mississippi state,Mississippi State University Extension -- Note added 7/25/14 12:52
michigan state,Michigan State University Extension -- Note added 11/19/13 13:43
montana state,Montana State University Extension -- Note added 11/22/13 13:44
montana facility,"Montana Facility Finance Authority, MT Department of Commerce -- Note added 11/22/13 13:46"
montana finance,"Montana Finance Information Center, MT Department of Commerce -- Note added 11/22/13 13:55"
arkansas scholarship,Arkansas Scholarship Lottery -- Note added 6/12/13 14:17
official state,The official state portal of the State of Florida -- Note added 6/6/13 18:08
florida department,Florida Department of Financial Services -- Note added 7/31/13 17:13
florida office,Florida Office of the Attorney General -- Note added 1/10/14 19:17
developed florida,Developed by the Florida Attorney General and the Agency for Health Care Administration (AHCA) to help consumers shop for the lowest price in their area for their prescription drugs. -- Note added 1/10/14 19:17
florida fish,Florida Fish and Wildlife Conservation Commission -- Note added 7/7/14 12:02
travel tourism,Travel and Tourism Site for the Northern Mariana Islands -- Note added 6/6/13 19:42
national archives,"National Archives and Records Management Unit, Government of the Virgin Islands -- Note added 8/18/14 14:03"
museum natural,NC Museum of Natural Sciences -- Note added 11/12/15 15:15
council developmental,NC Council on Developmental Disabilities -- Note added 1/14/14 14:15
north carolina,North Carolina Education Lottery -- Note added 6/12/13 14:18
state construction,NC State Construction Office -- Note added 9/16/15 13:21
north carolina,North Carolina Alcoholic Beverage Control Commission -- Note added 9/11/15 20:30
agriculture development,NC Agriculture Development & Farmland Preservation Trust Fund -- Note added 11/12/15 15:13
multihazard threat,"Multi-Hazard Threat Database, Emergency Programs Division, North Carolina Department of Agriculture and Consumer Services -- Note added 7/26/13 15:42"
north carolina,North Carolina Division of Air Quality -- Note added 3/20/14 15:16
north carolina,The North Carolina Auctioneers board -- Note added 9/11/15 20:32
court system,NC Court System  -- Note added 9/11/15 20:32
appraisal board,NC appraisal board -- Note added 9/11/15 20:33
triangle public,NC Triangle Public Access TV n  n  -- Note added 9/11/15 20:35
aquariums note,NC Aquariums -- Note added 9/11/15 20:35
museum art,NC Museum of Art -- Note added 9/11/15 20:36
north carolina,North Carolina Arts Council -- Note added 11/20/13 12:24
assistive technology,"NC Assistive technology Program - Receives grant funding under Public Law 108-364  through the Rehabilitation Services Administration, U.S. Department of Education, and is administered by the N.C. Department of Health and Human Services, Division of Vocational Rehabilitation Services -- Note added 11/12/15 15:02"
office state,NC Office of the State Auditor -- Note added 1/14/14 13:12
north carolina,North Carolina Board of Architecture -- Note added 9/11/15 20:37
board athletic,NC Board of Athletic Trainers Examiners -- Note added 9/11/15 20:38
north carolina,North Carolina Board of Dietetics/Nutrition   -- Note added 9/11/15 20:38
board examiners,NC Board of Examiners of electrical contractors -- Note added 9/11/15 20:39
board examiners,NC Board of Examiners for engineers and surveyors -- Note added 9/11/15 20:40
board nursing,NC Board of Nursing Homes Administrators -- Note added 9/11/15 20:41
board funeral,NC Board of Funeral Services -- Note added 9/11/15 20:41
board law,NC Board of Law Examiners -- Note added 9/14/15 20:44
north carolina,The North Carolina Board for the Licensing of Geologists  -- Note added 9/14/15 20:27
north carolina,The North Carolina Board of Licensed Professional Counselors -- Note added 9/14/15 20:28
north carolina,The North Carolina Soil Scientist Licensing Program -- Note added 9/14/15 20:28
board examiners,NC Board of Examiners for Speech Language and Pathologist & Audiologist n  -- Note added 9/14/15 20:30
welcome board,Welcome to the NC Board of Landscape Architects -- Note added 9/14/15 20:31
board nursing,NC Board of Nursing -- Note added 9/14/15 20:31
board pharmacy,NC Board of Pharmacy -- Note added 9/14/15 20:32
north carolina,The North Carolina Board of Occupational Therapy -- Note added 9/14/15 20:32
board podiatry,The Board of Podiatry Examiners for the State of North Carolina  -- Note added 9/14/15 20:32
waste management,NC Waste Management -- Note added 9/14/15 20:33
business court,nc business court -- Note added 9/14/15 20:33
school bus,NC School bus Safety -- Note added 9/14/15 20:34
rail division,"Rail Division, North Carolina Department of Transportation -- Note added 7/24/13 16:07"
north carolina,North Carolina Social Work Certification and Licensure Board -- Note added 9/22/15 14:10
north carolina,"The North Carolina Center for Global Logistics is a collaborative effort between community colleges, universities, and industry partners focused on developing a highly trained workforce for the logistics and supply chain industry. -- Note added 9/14/15 20:47"
child support,NC Child Support Enforcement -- Note added 9/14/15 20:36
north carolina,North Carolina Board of Chiropractic Examiners -- Note added 9/14/15 20:37
north carolina,"North Carolina Civil War Sesquicentennial, North Carolina Department of Cultural Resources -- Note added 11/12/15 14:54"
division coastal,NC Division of Coastal Management -- Note added 1/14/14 14:16
coastal reserve,"NC Coastal Reserve and National Estuarine Research Reserve, NC DEQ -- Note added 11/12/15 14:51"
north carolina,North Carolina Office of the Commissioner of Banks (NCCOB) -- Note added 11/19/13 18:51
north carolina,North Carolina Department of Commerce -- Note added 7/24/13 16:42
court system,nc court system -- Note added 9/14/15 20:38
dept public,NC Dept of Public Safety -- Note added 9/14/15 20:39
department environment,N.C. Department of Environment and Natural Resources -- Note added 7/24/13 16:27
north carolina,North Carolina State Board of Dental Examiners -- Note added 9/14/15 20:40
site tool,"This site is a tool for North Carolina citizens and providers to reduce the impact of diabetes through leadership, education, communication and community involvement. -- Note added 9/14/15 20:41"
helping neighbors,"The NC Helping Neighbors Fund is managed by the Governor's Office, in partnership with United Way of North Carolina. Donations are tax deductible; 100% of donated funds will go to the states impacted by Hurricane Sandy. -- Note added 9/14/15 20:48"
juvenile justice," Juvenile Justice section of the N.C. Department of Public Safety, Division of Adult Correction and Juvenile Justice.  -- Note added 9/15/15 16:00"
division marine,"Division of Marine Fisheries, NC DENR -- Note added 11/12/15 14:07"
marine fisheries,NC Marine Fisheries Commission Store -- Note added 11/12/15 14:39
division non,NC Division of Non Public Education -- Note added 9/15/15 16:01
north carolina,North Carolina Department of Insurance -- Note added 11/19/13 20:06
dept justice,Dept of Justice -- Note added 9/15/15 16:04
north carolina,North Carolina Drought Management Advisory Council -- Note added 11/12/15 14:05
denrs division,NC DENR's Division of Waste Management -- Note added 11/12/15 13:55
north carolina,The North Carolina Office of EMS -- Note added 9/15/15 16:07
north carolina,The North Carolina Forest Service operates a system of six Educational State Forests (ESFs) designed to teach the public - especially school children - about the forest environment. -- Note added 9/15/15 16:34
facility management,"Facility Management Division, NC DOA -- Note added 11/12/15 13:45"
north carolina,"North Carolina Farm Fresh is a directory of pick-your-own farms, roadside farm markets, and farmers markets throughout North Carolina. It is designed to help the consumer, find the freshest locally grown fruits, vegetables, christmas trees, ornamental plants, flowers, and herbs. -- Note added 9/15/15 16:34"
farm school,"NC Farm to School program, North Carolina Department of Agriculture and Consumer Services -- Note added 6/12/13 18:34"
north carolina,"North Carolina Farmworker Health Program (NCFHP), a statewide Migrant Health Voucher Program within the Office of Rural Health -- Note added 11/12/15 13:44"
film office,NC Film Office -- Note added 9/15/15 16:35
firewise north,"Firewise North Carolina,¬†North Carolina Forest Service -- Note added 6/12/13 18:15"
division marine,Division of Marine Fisheries  -- Note added 9/15/15 16:36
flood risk,NC flood risk information system -- Note added 9/15/15 16:37
foreclosure prevention,NC Foreclosure Prevention Fund -- Note added 11/12/15 13:43
north carolina,"North Carolina Forest Action Plan, North Carolina Forest Service -- Note added 11/12/15 13:40"
north carolina,North Carolina Forest Action Plan See historical snapshot at: http://web.archive.org/web/20140517174935/http://ncforestassessment.com/  -- Note added 11/12/15 13:39
fresh produce,NC Fresh Produce Information site -- Note added 9/15/15 16:37
state north,State of North Carolina -- Note added 1/14/14 13:05
governors school,"Governor's School of North Carolina, NC Department of Public Instruction -- Note added 6/12/13 18:35"
north carolina,The North Carolina Global TransPark -- Note added 9/15/15 16:39
hearing aid,NC hearing Aid Dealers -- Note added 9/15/15 16:39
health human,NC Health & Human Services -- Note added 9/15/15 16:39
healthy school,NC Healthy School Website -- Note added 9/15/15 16:41
housing finance,NC Housing Finance Agency  -- Note added 9/15/15 16:42
north carolina,North Carolina Home Inspetor Licensure Board -- Note added 11/20/13 12:38
historic sites,NC Historic Sites -- Note added 9/15/15 16:42
office indigent,Office of Indigent Defense Services  -- Note added 9/15/15 16:43
international house,NC International House -- Note added 9/15/15 16:44
institute medecine,NC Institute of Medecine -- Note added 9/15/15 16:45
north carolina,The North Carolina Interpreters & Transliterators Licensing Board -- Note added 9/15/15 16:45
ncknows service,NCknows is a service that allows North Carolina residents to get help from librarians and use their library resources remotely through a computer. NCknows is a pilot project supported by a grant under the Federally-funded Library Services and Technology Act (LSTA). The project is administered by the State Library of North Carolina in Raleigh with help from a committee of librarians and directors from North Carolina's libraries. -- Note added 11/12/15 13:22
dept labor,NC Dept of Labor -- Note added 9/15/15 16:45
generla assembly,NC Generla Assembly  -- Note added 9/15/15 16:46
north carolina,"North Carolina State Board of Examiners of Plumbing, Heating and Fire Sprinkler Contractors -- Note added 9/15/15 16:46"
lifetime income,NC Lifetime Income - Members of the Teachers' and State Employees' Retirement System (TSERS) and Local Governmental Employees' Retirement System (LGERS) will have a one-time opportunity to transfer all or part of their NC 401(k) and/or NC Deferred Compensation (457) funds to the Retirement System in order to receive lifetime income at or after retirement. -- Note added 11/12/15 13:21
public library,NC Public Library -- Note added 9/15/15 16:47
north carolina,North Carolina League of Municipalities -- Note added 6/6/13 18:08
board marriage,the board of Marriage and family therapy of North Carolina -- Note added 9/15/15 16:48
north carolina,The North Carolina Locksmith Licensing Board -- Note added 9/15/15 16:48
state north,State of North Carolina Office of Information Technology Services -- Note added 9/15/15 16:49
north carolina,North Carolina Maritime Museum System -- Note added 8/2/13 15:50
north carolina,"North Carolina Highway Historical Marker Program, NC Department of Cultural Resources -- Note added 11/12/15 13:19"
medical board,NC Medical Board -- Note added 9/15/15 16:53
division medical,NC Division of Medical Assistance -- Note added 9/15/15 16:54
office minority,N.C. Office of Minority Health and Health Disparities -- Note added 9/15/15 16:55
motor fleet,NC Motor fleet management -- Note added 9/15/15 16:55
health care,The N.C. Health Care Personnel Registry Section   -- Note added 9/15/15 16:56
early hearing,Early Hearing Detection and Intervention Program (NC DHHS &gt; DPH &gt; WCH Section &gt; Children and Youth Branch) -- Note added 11/12/15 13:18
north carolina,The North Carolina Natural Heritage Program -- Note added 9/15/15 16:56
established north,"Established in 1987, the North Carolina Natural Heritage Trust Fund provided supplemental funding to select state agencies for the acquisition and protection of important natural areas, to preserve the state's ecological diversity and cultural heritage, and to inventory the natural heritage resources of the state. In July 2013, these key purposes were incorporated in the Clean Water Management Trust Fund enabling legislation and the NHTF statute was repealed. See historical snapshot at:  http://web.archive.org/web/20150129185256/http://www.ncnhtf.org/pages/aboutnhtf.htm  -- Note added 11/12/15 13:15"
north carolina,North Carolina Office of Administrative Hearings -- Note added 9/15/15 16:57
welcome grand,Welcome to the Grand Chapter of NC Order of the Eastern Star -- Note added 9/15/15 16:57
onemap public,NC OneMap is a public service providing comprehensive discovery and access to North Carolina's geospatial data resources. -- Note added 9/15/15 16:58
onemap public,"NC OneMap, a public service providing comprehensive discovery and access to North Carolina's geospatial data resources. -- Note added 11/12/15 13:13"
north carolina,he North Carolina State Board of Examiners in Optometry -- Note added 9/15/15 16:58
physical activity,"NC Physical Activity and Nutrition Branch (NC PAN), NC Department of Public Health See historical snapshot at: http://web.archive.org/web/20130128034822/http://www.ncpanbranch.com/  -- Note added 11/12/15 13:12"
ports note,NC ports  -- Note added 9/15/15 17:03
progress portal,NC Progress Portal -- Note added 9/15/15 17:03
psychology board,nc psychology board -- Note added 9/15/15 17:03
north carolina,The North Carolina Board of Physical Therapy Examiners -- Note added 9/15/15 17:04
historical publications,"Historical Publications, North Carolina Office of Archives and History, Department of Cultural Resources -¬†www.ncpublications.com -- Note added 6/6/13 18:34"
north carolina,North Carolina Division of Public Health -- Note added 7/26/13 15:09
public schools,nc public schools -- Note added 9/15/15 17:05
radiation protection,"Radiation Protection Section, NC Department of Health and Human Services -- Note added 1/14/14 14:18"
radon awarenes,NC Radon Awarenes Site -- Note added 9/15/15 17:05
serve insurance,"We serve the NC insurance industry by providing services and programs for automobile, property and workers compensation insurance. This site contains information for these types of insurance. -- Note added 9/15/15 17:06"
north carolina,the North Carolina Respiratory Care   -- Note added 9/15/15 17:13
north carolina,North Carolina Rural Electrification Authority -- Note added 9/15/15 17:14
state board,NC State Board of Environmental Health Specialist Examiners -- Note added 11/19/13 20:40
report cards,nc report cards for schools -- Note added 9/15/15 17:16
science technology,nc science and technology -- Note added 9/15/15 17:17
school deaf,NC School for the deaf -- Note added 9/15/15 17:17
state employees,NC State Employees Combined Campaign -- Note added 9/15/15 17:18
north carolina,North Carolina Seniors' Health Insurance Information Program (SHIIP) -- Note added 1/22/14 19:19
north carolina,"North Carolina Sickle Cell Syndrome Program, NC Department of Public Health -- Note added 11/12/15 13:09"
north carolina,The North Carolina State Improvement Project (NC SIP ). NC SIP is a program in the Exceptional Children Division of the North Carolina Department of Public Instruction (NC DPI). -- Note added 9/15/15 17:19
thank visiting,"Thank you for visiting ACCESSNC, your one-stop source for North Carolina economic data and site information. -- Note added 9/15/15 17:19"
carolina star,"The Carolina Star Program is designed to recognize and promote effective safety and health management systems. In Star, management, labor and OSH establish a cooperative relationship at a workplace that has implemented a strong program. -- Note added 9/15/15 17:20"
state fair,NC state Fair -- Note added 9/15/15 17:20
stormwater runoff,NC Stormwater and Runoff pollution site -- Note added 9/15/15 17:22
state univ,NC State Univ Extension  -- Note added 9/15/15 17:22
north carolina,North Carolina Social Work Certification and Licensure Board -- Note added 9/22/15 14:12
symphony note,NC Symphony -- Note added 9/15/15 17:22
tobacco free,"Tobacco Free Schools, NC Department of Health and Human Services -- Note added 2/25/14 13:20"
state north,State of North Carolina Japan Office -- Note added 7/24/13 16:40
nctopps homepage,NC-TOPPS homepage is now http://www.ncdhhs.gov/MHDDSAS/providers/NCTOPPS/index.htm. Entry still included here for nctopps.ncdmh.net pattern for pages such as https://www.google.com/search?q=site%3Anctopps.ncdmh.net. -- Note added 7/23/14 14:41
office state,NC Office of State Personnel -- Note added 1/14/14 13:06
transportation museum,NC Transportation Museum -- Note added 9/15/15 17:25
north carolina,North Carolina Department of State Treasurer -- Note added 6/6/13 18:09
north carolina,North Carolina Veterinary Medical Board -- Note added 9/15/15 17:30
marketplace discarded,North Carolina's marketplace for discarded or surplus materials and products. -- Note added 9/15/15 17:31
division water,NC Division of Water Resources -- Note added 9/15/15 17:31
north carolina,North Carolina Division of Water Resources -- Note added 11/12/15 12:58
north carolina,"North Carolina Well Contractors Certification Commission - protects the public health and safety by ensuring the integrity and competence of well contractors through examination, certification, continuing education and enforcement. The Well Contractors Certification Unit is now part of the Department of Health and Human Services. -- Note added 11/12/15 12:57"
wildlife resource,nc wildlife resource commission  -- Note added 9/15/15 17:32
wiseowl online,"NC WiseOwl (NC Online Windows for Learning) has been providing online subscription resources for our schools since 1999.  Our mission is to ensure that all of our public and charter school students have access to a collection of online resources for use in research projects and homework assignments, without regard to the economic status of their local school system.  NC WiseOwl has three major strengths as an educational resource: -- Note added 9/15/15 17:33"
zoo agency,NC Zoo is an agency of the North Carolina Department of Natural and Cultural Resources -- Note added 11/12/15 12:48
north dakota,North Dakota League of Cities -- Note added 7/22/14 6:08
nevada department,Nevada Department of Wildlife -- Note added 1/27/14 20:15
nevada department,Nevada Department of Wildlife (NDOW) Licensing -- Note added 10/21/13 11:53
north dakota,North Dakota Recorders Information Network -- Note added 7/21/14 6:33
travel tourism,Travel and Tourism Site for North Dakota -- Note added 6/6/13 19:42
nebraska ethanol,Nebraska Ethanol Board -- Note added 12/6/13 19:53
nebraska agrelations,Nebraska AgRelations Council -- Note added 12/6/13 19:45
nebraska association,Nebraska Association of Transportation Providers -- Note added 12/6/13 20:02
nebraska arts,"Nebraska Arts Council. The Council is funded by the State of Nebraska, the National Endowment for the Arts, and the Nebraska Cultural Endowment. -- Note added 12/6/13 19:38"
nebraska corn,Nebraska Corn Board -- Note added 12/6/13 19:41
nebraska dry,Nebraska Dry Bean Commission -- Note added 12/6/13 19:49
nebraska state,Nebraska State Historical Society -- Note added 12/9/13 18:24
nebraska state,Nebraska State Racing Commission -- Note added 12/6/13 20:01
nebraska wheat,Nebraska Wheat Board -- Note added 12/6/13 20:06
nebraska department,Nebraska Department of Economic Development -- Note added 12/6/13 19:50
nebraska lottery,Nebraska Lottery -- Note added 6/12/13 14:18
nevada department,Nevada Department of Transportation -- Note added 6/26/13 15:23
nevada judiciary,The Nevada Judiciary -- Note added 1/24/14 13:06
travel tourism,Travel and Tourism Site for New Mexico -- Note added 6/6/13 19:42
pennsylvania department,Pennsylvania Department of Community & Economic Development -- Note added 6/6/13 18:08
nebraska forest,Nebraska Forest Service -- Note added 12/6/13 19:55
historical society,NH Historical Society -- Note added 9/2/15 19:01
municipal association,NH Municipal Association -- Note added 9/2/15 19:02
new hampshire,New Hampshire Lottery Commission -- Note added 6/12/13 14:19
state parks,NH State Parks -- Note added 9/2/15 19:03
new jersey,New Jersey Economic Development Authority -- Note added 9/16/15 15:52
division fish,"Division of Fish and Wildlife, NJ Department of Environmental Protection -- Note added 6/7/13 11:33"
new jersey,New Jersey State Library -- Note added 7/26/13 16:17
new jersey,New Jersey Surcharge Violation System (NJSVS) -- Note added 9/16/15 15:53
department labor,Department of Labor and Workforce Development   -- Note added 9/16/15 15:53
new mexico,New Mexico Lottery -- Note added 6/12/13 14:20
new mexico,New Mexico Environmental Public Health Tracking -- Note added 10/24/14 12:11
special supplemental,"Special Supplemental Nutrition Program for New Mexico Women, Infants & Children -- Note added 1/10/14 19:17"
nutrition services,"Nutrition Services Branch, Women's and Children's Health, NC Division of Public Health, NCDepartment of Health and Human Services  -- Note added 3/20/14 16:33"
aging disability,"Aging and Disability Services Division, Department of Health and Human Services, State of Nevada -- Note added 6/17/13 15:40"
new york,New York State Conference of Mayors and Municipal Officials (NYCOM) -- Note added 7/2/15 10:49
new york,New York Historical Society Museum and Library -- Note added 7/2/15 10:50
new york,New York State Council on the Arts -- Note added 7/2/15 10:51
new york,New York State eGovernment listing of state agencies -- Note added 9/25/13 15:35
new york,New York State Fair -- Note added 6/12/13 18:48
new york,New York State Homes and Community Renewal -- Note added 9/9/15 13:48
new york,New York State Local Government IT Directors Association (NYSLGITDA) -- Note added 7/2/15 10:59
new york,New York State Police Recruitment Center -- Note added 1/3/14 13:14
corporation commission,OK Corporation Commission -- Note added 8/28/15 18:20
office hawaiian,"Office of Hawaiian Affairs - 'Under the direction of nine trustees elected statewide, OHA has functioned operationally as both a government agency with a strong degree of autonomy, and as a trust.' -- Note added 6/12/13 13:27"
ohio bureau,Ohio Bureau of Workers' Compensation -- Note added 3/26/14 18:21
ohio humanities,Ohio Humanities Council -- Note added 3/26/14 18:28
ohio lottery,Ohio Lottery -- Note added 6/12/13 14:22
ohio recorders,Ohio Recorders' Association -- Note added 3/26/14 18:36
oregon historical,Oregon Historical Society -- Note added 6/20/14 7:38
career tech,OK career tech website -- Note added 8/28/15 18:21
dept human,OK dept of human services -- Note added 8/28/15 18:21
oklibshare oklahoma,"OKLibShare, Oklahoma Department of Libraries -- Note added 8/27/15 16:00"
gas commission,OK LP Gas commission -- Note added 8/28/15 18:22
state virginia,State of Virginia Olmstead Initiative -- Note added 8/27/15 14:13
ohio municipal,Ohio Municipal League -- Note added 3/26/14 18:40
office land,"Office of Land and Water Stewardship, a non-regulatory division within North Carolina's DENR that provides information and assistance to support effective conservation and resilient communities.  -- Note added 11/12/15 12:36"
oregon arts,Oregon Arts Commission -- Note added 6/20/14 7:34
oregon governors,Oregon Governor's Office of Film and Television -- Note added 3/20/14 16:53
oregon lottery,Oregon Lottery -- Note added 6/12/13 14:22
oregon state,Oregon State Fair -- Note added 6/20/14 7:22
oklahoma resources,"The Oklahoma Resources Integration General Information Network System (Origins) is an online database which contains economic, social, and demographic data intended for use by community leaders, educators, businesses, government agencies, and decision makers. -- Note added 8/28/15 18:22"
office state,Office of the State Bank Commissioner of Kansas -- Note added 7/10/14 6:29
state court,OK State Court System -- Note added 8/28/15 18:23
office maryland,Office of the Maryland State Prosecutor -- Note added 5/27/14 3:40
north carolina,North Carolina Division of Environmental Assistance and Customer Service   -- Note added 9/15/15 17:43
commonwealth media,Commonwealth of Pennsylvania's media hub -- Note added 6/6/13 18:08
unified judicial,Unified Judicial System of Pennsylvania -- Note added 1/10/14 15:20
ehealth partnership,PA eHealth Partnership Authority -- Note added 6/7/13 11:53
pennsylvania firstnet,Pennsylvania FirstNet. See also http://www.ntia.doc.gov/sligp/pennsylvania.  -- Note added 9/24/14 16:11
republic palau,Republic of Palau National Government -- Note added 6/7/13 18:27
palau judiciary,Palau Judiciary Branch -- Note added 5/27/14 15:03
georgia state,Georgia State Defense Force public affairs office. Website mirrored on gasdf.com. Referenced on https://ga.ng.mil/Leadership/Georgia-State-Defense-Force/.
south dakota,South Dakota Parks & Wildlife Foundation -- Note added 7/17/14 5:50
state system,PA State System of Higher Education -- Note added 6/7/13 11:53
patient safety,PA Patient Safety Authority -- Note added 6/7/13 11:53
pennsylvania turnpike,Pennsylvania Turnpike Commission -- Note added 10/1/14 18:05
health care,PA Health Care Cost Containment Council -- Note added 6/7/13 11:53
higher education,PA Higher Education Assistance Agency -- Note added 6/7/13 11:53
higher educational,PA Higher Educational Facilities Authority -- Note added 6/7/13 11:53
housing finance,PA Housing Finance Agency -- Note added 6/7/13 11:53
pat harrison,"Pat Harrison Waterway District (PHWD), a Mississippi State Agency that provides camping, cabins and recreational facilities in Mississippi -- Note added 1/13/14 20:28"
south carolina,South Carolina Ports Authority -- Note added 6/6/13 18:08
port virginia,The Port of Virginia -- Note added 7/14/14 17:09
washington state,Washington State Potato Commission -- Note added 11/17/14 7:11
alabama historical,"Alabama Historical Commission, State of Alabama Historic Preservation Office -- Note added 7/15/13 18:19"
queen annes,"Queen Anne's Revenge, a project of the http://www.qaronline.org/ North Carolina Department of Cultural Resources to educate the next generation on colonial life -- Note added 11/20/13 17:34"
uninsured employers,"Uninsured Employers' Fund, State of Maryland -- Note added 11/20/13 17:37"
state econ,OK State AG Econ at OSU -- Note added 8/28/15 18:25
ready department,"Ready NC, NC Department of Public Safety -- Note added 1/14/14 14:35"
ready pennsylvania,"Ready PA, Pennsylvania Emergency Management Agency -- Note added 4/16/14 15:38"
washington red,Washington Red Raspberry Commission -- Note added 11/17/14 7:07
state board,The State Board of Refrigeration Examiners -- Note added 9/15/15 17:47
division vocational,Division of Vocational Rehabilitation - Florida Department of Education -- Note added 7/1/15 18:43
rhode island,Rhode Island Clean Water Finance Agency -- Note added 1/27/14 19:35
rhode island,Rhode Island Emissions and Safety Testing -- Note added 1/7/14 18:45
rhode island,Rhode Island Lottery -- Note added 6/7/13 18:46
rhode island,Rhode Island Public Utilities Commission -- Note added 1/29/14 15:24
rhode island,Rhode Island Turnpike and Bridge Authority -- Note added 1/27/14 15:54
office president,"Office of the President, Republic of the Marshall Islands -- Note added 6/12/13 13:31"
safemt resource,"SafeMT, a resource of the Montana State Fund for safety in Montana's workplaces. -- Note added 11/18/13 16:35"
safe law,NC Safe Haven Law - Abandoned Infant Protection Law Site -- Note added 9/15/15 17:54
website virginia,"The website of the Virginia Center on Aging (VCoA), a statewide agency created by the Virginia General Assembly and housed at Virginia Commonwealth University in the School of Allied Health Professions. VCoA works to protect and improve the quality of life of older Virginians, so that they might remain interdependent and contributing members to life in Virginia. -- Note added 6/27/14 14:23"
santee cooper,"Santee Cooper, also known officially from the 1930s as the South Carolina Public Service Authority, is South Carolina's state-owned electric and water utility that came into being during the New Deal. -- Note added 8/25/14 16:04"
new mexico,New Mexico Office of the State Auditor -- Note added 7/16/14 5:38
save water,Save Water NC -- Note added 11/12/15 12:34
florida state,"Florida State Board of Administration, created by the Florida Constitution and is governed by a three-member Board of Trustees (Trustees), comprised of the Governor as Chair, the Chief Financial Officer and the Attorney General. -- Note added 8/25/14 16:59"
washington state,Washington State Board for Community and Technical Colleges -- Note added 4/8/14 18:22
state college,"State College Borough Water Authority, PA -- Note added 10/1/14 20:16"
dept commerce,SC dept of commerce -- Note added 8/28/15 15:19
judicial courts,SC judicial courts -- Note added 8/28/15 15:19
dmv note,SC DMV -- Note added 8/28/15 15:20
south carolina,South Carolina Education Lottery -- Note added 6/12/13 14:24
south carolina,South Carolina Emergency Management Division -- Note added 8/28/15 15:20
early childhood,SC early childhood education program -- Note added 8/28/15 15:20
gov mansion,SC Gov Mansion  -- Note added 8/28/15 15:23
govoners school,SC govoners school for science and math -- Note added 8/28/15 15:23
national guard,SC National Guard -- Note added 8/28/15 15:24
state council,"The State Council of Higher Education for Virginia (SCHEV) makes higher education public policy recommendations to the Governor and General Assembly in such areas as capital and operating budget planning, enrollment projections, institutional technology needs, and student financial aid. -- Note added 6/27/14 14:25"
school planning,"School Planning Section, North Carolina Department of Public Instruction -- Note added 8/25/14 15:01"
south carolina,South Carolina Independent Living Council (SCILC) -- Note added 9/22/15 15:16
south carolina,South Carolina Independent Living Council (SCILC) -- Note added 9/22/15 15:17
south carolina,"The South Carolina EPSCoR/IDeA Program, CCCR COBRE, and the USC School of Medicine Instrumentation Resource Facility -- Note added 8/28/15 15:28"
malpractice patient,SC malpractice patient compensation fund -- Note added 8/28/15 15:27
south carolina,South Carolina School for the Deaf and Blind -- Note added 8/25/14 15:03
south carolina,South Carolina Statewide Independent Living Council (SILC) -- Note added 9/22/15 15:19
sec state,SC sec of state -- Note added 8/28/15 15:29
south carolina,South Carolina Department of Revenue -- Note added 8/25/14 15:04
south carolina,South Carolina Higher EducationTuition Grants Commission -- Note added 8/28/15 15:30
state election,SC State Election Committee -- Note added 8/28/15 15:30
vocab rehab,SC Vocab Rehab -- Note added 8/28/15 15:31
south dakota,South Dakota Department of Transportation -- Note added 7/17/14 5:53
south dakota,South Dakota Housing Development Authority -- Note added 7/17/14 5:54
state employees,STATE EMPLOYEES ASSOCIATION OF NORTH CAROLINA -- Note added 9/15/15 17:56
seeking michigan,"Seeking Michigan, the online platform for the http://michigan.gov/mhc Michigan Historical Center. It includes http://www.michigan.gov/archivesofmi Archives of Michigan research guides and indexes, a blog, and educator resources&ndash;all from the Michigan Historical Center and Archives of Michigan staff. -- Note added 7/9/14 12:06"
minnesota senate,Minnesota Senate -- Note added 11/9/15 20:36
authorized service,"Authorized Service Website for the Arizona Department of Transportation, Motor Vehicle Division -- Note added 1/10/14 19:17"
mississippi state,Mississippi State Port Authority -- Note added 7/25/14 20:50
north carolina,North Carolina State Health Plan for Teachers and State Employees -- Note added 7/25/14 15:10
sled statewide,SLED (Statewide Library Electronic Doorway) -- Note added 6/6/13 18:08
state laboratory,"State Laboratory of Public Health, NC Division of Public Health -- Note added 7/26/13 15:11"
science museum,"Science Museum of Virginia, located in Richmond, VA -- Note added 7/11/14 18:43"
secretary state,NC Secretary Of State -- Note added 9/15/15 17:58
south carolina,south carolina arts commission -- Note added 8/28/15 15:32
south carolina,south carolina historical society -- Note added 8/28/15 15:32
state public,PA State Public School Building Authority -- Note added 6/7/13 11:53
susquehanna river,"Susquehanna River Basin Commission -¬†The Susquehanna River Basin Compact, was signed into law on December 24, 1970. The Compact, as adopted by the Congress of the United States, and the legislatures of New York State, Pennsylvania and Maryland, provides the mechanism to guide the conservation, development, and administration of the water resources of the vast river basin. -- Note added 6/26/13 16:30"
start squad,"Start Squad, kid's portal to the State Library of North Carolina -- Note added 8/25/14 12:12"
justuswarren heart,North Carolina's Justus-Warren Heart Disease and Stroke Prevention Task Force -- Note added 11/10/15 20:35
stateakus pattern,"*state.ak.us pattern to include Alaska state agencies, such as those at: https://www.google.com/#q=site:state.ak.us  -- Note added 7/8/14 12:25"
statealus pattern,"*state.al.us pattern to include Alabama state agencies, such as those at: https://www.google.com/#q=site:state.al.us  -- Note added 7/8/14 12:26"
statearus pattern,*state.ar.us pattern for State of Arkansas agencies -- Note added 7/17/13 19:01
stateazus pattern,"*state.az.us pattern to include Arizona state agencies, such as those at https://www.google.com/#q=site:state.az.us.  -- Note added 12/13/13 13:17"
statecaus pattern,"*state.ca.us pattern to include California state agencies, such as those at: https://www.google.com/#q=site:state.ca.us  -- Note added 6/27/14 16:14"
included find,"Included to find *.state.co.us pattern to find state websites, such as https://www.google.com/search?q=site%3Astate.co.us  -- Note added 1/14/14 15:07"
stateflus pattern,"*state.fl.us pattern to include Florida state agencies, such as those at: https://www.google.com/#q=site:state.fl.us   -- Note added 6/27/14 16:15"
state website,State of Ga website -- Note added 8/25/15 16:09
state iowa,State of Iowa -- Note added 8/26/15 13:51
pattern stateidus,Pattern for *state.id.us websites -- Note added 7/8/13 19:27
state illinois,State of Illinois -- Note added 7/3/14 17:38
state indiana,state of  Indiana -- Note added 8/27/15 14:57
website note,Ky Website -- Note added 8/27/15 16:57
state library,State Library of Louisiana -- Note added 7/26/13 16:18
mass state,Mass State Website -- Note added 8/26/15 16:22
state website,"State website is at http://www.maryland.gov. state.md.us pattern to include Maryland state agencies, such as those at https://www.google.com/#q=site:state.md.us. -- Note added 7/23/14 16:07"
state maine,state of maine -- Note added 8/27/15 20:01
state michigan,state of michigan -- Note added 9/3/15 16:11
minnesotagov portal,Minnesota.gov portal; 'electronic entry point to Minnesota State government information and services' -- Note added 6/2/15 1:37
state mississippi,State of Mississippi -- Note added 7/8/14 12:53
stateneus pattern,*.state.ne.us pattern to include several state agencies. -- Note added 12/9/13 18:31
state website,NH State Website -- Note added 9/2/15 19:11
httpwwwstatenjus httpwwwnjgov,"http://www.state.nj.us/ and http://www.nj.gov both resolve to the same site. n*state.nj.us pattern to include New Jersey state agencies, such as those at: https://www.google.com/#q=site:state.nj.us  -- Note added 7/8/14 13:04"
state new,State of New Mexico -- Note added 7/16/14 5:42
state ohio,State of Ohio -- Note added 3/27/14 18:36
state website,State of OK website -- Note added 8/28/15 18:27
httpwwwstateorus resolves,"http://www.state.or.us/ resolves to a non-styled version of http://www.oregon.gov/  n*state.or.us pattern included here to find State of Oregon agencies, such as: https://www.google.com/search?q=site:state.or.us -- Note added 7/17/14 17:40"
state note,State of SC  -- Note added 8/28/15 15:35
south dakota,South Dakota State Government Website -- Note added 7/17/14 6:01
official site,Official site of the Tennessee Government -- Note added 6/26/14 13:27
official website,The official website of the Commonwealth of Virginia -- Note added 6/27/14 14:50
state vermont,State of Vermont -- Note added 8/15/14 14:27
state washington,State of Washington -- Note added 11/17/14 6:48
statewius pattern,"*.state.wi.us pattern is included here for various Department-level agencies, such as those at: https://www.google.com/search?q=site%3Astate.wi.us  Requires 'www' to resolve. -- Note added 4/2/14 12:49"
state wyoming,State of Wyoming travel and tourism website -- Note added 7/23/14 5:34
nebraska state,Nebraska State Fair -- Note added 12/6/13 19:53
staten island,"Staten Island Borough President, New York, NY -- Note added 11/20/13 18:23"
division surplus,NC Division of Surplus Property -- Note added 9/15/15 18:02
sustainability connection,NC sustainability connection -- Note added 9/15/15 18:06
welcome dedicated,"Welcome to Teach4NC, dedicated to the recruitment of teaching professionals for public schools in North Carolina. -- Note added 9/15/15 18:19"
tennessee holocaust,Tennessee Holocaust Commission -- Note added 6/26/14 7:22
state bar,State Bar of Texas -- Note added 6/20/14 16:58
tennessee foreign,Tennessee Foreign Language Institute -- Note added 6/26/14 7:21
tennessee housing,Tennessee Housing Development Agency -- Note added 6/26/14 7:19
kentucky cabinet,kentucky cabinet of economic development -- Note added 8/27/15 16:58
texas municipal,Texas Municipal Retirement System (TMRS)  -- Note added 8/18/14 16:14
tennessee district,Tennessee District Attorneys General Conference -- Note added 6/26/14 7:16
tennessee emergency,Tennessee Emergency Management Agency -- Note added 6/26/14 7:15
lottery tennessee,Lottery Tennessee -- Note added 6/12/13 14:26
tennessee national,Tennessee National Guard -- Note added 6/26/14 7:13
tennessee vacation,"Tennessee Vacation, the travel and tourism site for the state of Tennessee -- Note added 8/18/14 15:23"
texas parks,Texas Parks and Wildlife magazine -- Note added 3/20/14 16:35
travel tourism,Travel and Tourism Site for Alaska -- Note added 6/6/13 19:44
travel tourism,Travel and Tourism Site for Iowa -- Note added 6/6/13 19:44
travel tourism,Travel and Tourism Site for Kansas -- Note added 6/6/13 19:44
travel tourism,Travel and Tourism Sites for Nevada -- Note added 6/6/13 19:11
travel tourism,Travel and Tourism Sites for Oklahoma -- Note added 6/6/13 19:11
travel tourism,"Travel and Tourism Site for Oregon, Oregon Tourism Commission -- Note added 7/23/14 16:09"
travel tourism,Travel and Tourism Sites for South Dakota -- Note added 6/6/13 19:11
travel tourism,Travel and Tourism Sites for Texas -- Note added 6/6/13 19:11
travel tourism,Travel and Tourism Sites for Wisconsin -- Note added 6/6/13 19:11
nebraska state,Nebraska State Treasurer -- Note added 12/6/13 20:03
washington tree,Washington Tree Fruit Research Commission -- Note added 11/12/14 6:37
washington state,Washington State Tobacco Settlement Authority -- Note added 4/8/14 18:29
texas lottery,Texas Lottery -- Note added 6/12/13 14:26
university arkansas,"University of Arkansas, Division of AgricultureResearch & Extension, University of Arkansas System Arkansas Cooperative Extension Service -- Note added 12/10/14 7:11"
university alaska,University of Alaska Fairbanks Cooperative Extension Service -- Note added 6/7/13 16:34
university idaho,University of Idaho Extension -- Note added 7/8/13 14:29
virgin islands,U.S. Virgin Islands Bureau of Economic Research -- Note added 8/18/14 14:14
virgin islands,U.S. Virgin Islands Economic Development Authority -- Note added 8/18/14 14:12
university vermont,University of Vermont Extension -- Note added 8/18/14 5:33
university wisconsinextension,University of Wisconsin-Extension -- Note added 8/12/14 5:36
university wyoming,University of Wyoming Cooperative Extension Service -- Note added 7/23/14 5:39
virginia state,Virginia State Rehabilitation Council (SRC) -- Note added 8/27/15 14:12
virginia association,"The Virginia Association of Assessing Officers is a professional organization of assessors and appraisers from state and local governments throughout the Commonwealth. The organization's mission is to improve assessment standards, disseminate information on assessment practices, and provide continuing education to its members. -- Note added 7/11/14 18:56"
virginia board,Virginia Board for People with Disabilities -- Note added 7/11/14 18:57
virginia commonwealth,Virginia Commonwealth Neurotrauma Initiative (CNI) Trust Fund -- Note added 9/3/15 11:28
virginia department,Virginia Department for Aging and Rehabilitative Services -- Note added 8/27/15 14:22
virginia department,Virginia Department for Aging and Rehabilitative Services -- Note added 6/6/13 18:09
virginia disability,Virginia Disability Services Agencies -- Note added 7/14/14 16:54
virginia department,Virginia Department of Fire Programs -- Note added 6/12/13 18:15
virginia lottery,Virginia Lottery -- Note added 6/12/13 14:27
virginia statewide,Virginia Statewide Independent Living Council -- Note added 9/3/15 11:14
virginia assistive,Virginia Assistive Technology System -- Note added 7/11/14 19:06
virginia career,Virginia Career Education Foundation is a non-profit organization that works to increase the number of qualified applicants available to fill technical positions throughout the Commonwealth of Virginia. -- Note added 7/11/14 19:07
virginia department,Virginia Department for the Blind and Vision Impaired -- Note added 7/11/14 19:09
virginia department,Virginia Department for the Deaf and Hard of Hearing (VDDHH) -- Note added 7/11/14 19:09
state vendor,State of North Carolina's Vendor Registration -- Note added 1/14/14 13:04
vermont arts,Vermont Arts Council -- Note added 8/18/14 5:35
vermont historical,Vermont Historical Society -- Note added 8/18/14 5:36
travel tourism,Travel and Tourism Site for Vermont -- Note added 6/6/13 19:19
virginia housing,Virginia Housing Development Authority -- Note added 7/11/14 19:10
vermont housing,Vermont Housing Finance Agency -- Note added 8/18/14 5:37
virginia horse,The Virginia Horse Industry Board is responsible for the promotion and economic development of the horse industry in Virginia and operates through the Virginia Department of Agriculture and Consumer Services. -- Note added 7/11/14 19:12
virginia industries,"Virginia Industries for the Blind, Commonwealth of Virginia -- Note added 9/3/15 11:46"
virgin islands,Virgin Islands Department of Education -- Note added 8/18/14 14:08
office virgin,Office of the Virgin Islands Inspector General -- Note added 8/18/14 14:13
virgin islands,U.S. Virgin Islands Police Department -- Note added 8/18/14 14:16
travel tourism,Travel and Tourism Sites for Virginia -- Note added 6/6/13 19:11
virginia college,Virginia College Savings Plan -- Note added 7/11/14 19:18
virginia economic,Virginia Economic Development Partnership's Ally Information Exchange -- Note added 7/11/14 20:17
virginia department,Virginia Department of Transportation -- Note added 7/11/14 20:18
virginia resources,Virginia Resources Authority -- Note added 7/11/14 20:19
travel tourism,Travel and Tourism Site for California -- Note added 8/27/13 12:59
california welcome,California Welcome Centers -- Note added 8/27/13 12:58
travel tourism,Travel and Tourism Sites for Delaware -- Note added 6/6/13 19:11
travel tourism,Travel and Tourism Site for Florida -- Note added 6/6/13 19:15
travel tourism,Travel and Tourism Sites for Guam -- Note added 6/6/13 19:11
travel tourism,Travel and Tourism Site for Idaho -- Note added 6/6/13 19:48
travel tourism,Travel and Tourism Sites for Maine -- Note added 6/6/13 19:11
travel tourism,Travel and Tourism Site for Maryland -- Note added 6/6/13 19:17
travel tourism,Travel and Tourism Sites for Mississippi -- Note added 6/6/13 19:11
travel tourism,Travel and Tourism Site for Missouri -- Note added 6/6/13 19:34
travel tourism,Travel and Tourism Site for Montana -- Note added 6/6/13 19:33
travel tourism,Travel and Tourism Site for North Carolina -- Note added 6/6/13 19:33
travel tourism,Travel and Tourism Site for Nebraska -- Note added 6/6/13 19:33
travel tourism,Travel and Tourism Site for Pennsylvania -- Note added 6/6/13 19:32
travel tourism,Travel and Tourism Site for Rhode Island -- Note added 6/6/13 19:32
travel tourism,Travel and tourism site for the US Virgin Islands -- Note added 6/6/13 19:47
travel tourism,Travel and Tourism Site for Utah -- Note added 6/6/13 19:31
supreme court,Supreme Court of the United States Virgin Islands -- Note added 8/18/14 14:06
viva florida,"Viva Florida 500 is a statewide initiative led by the Florida Department of State, under the leadership of Governor Rick Scott, to highlight the 500 years of historic people, places and events in present-day Florida since the arrival of Juan Ponce de Leon to the land he named La Florida in 1513. See more at http://www.vivaflorida.org/About-Viva-Florida/ -- Note added 7/23/14 14:01"
virginia museum,"Virginia Museum of Natural History in Martinsville, VA -- Note added 7/11/14 20:20"
florida governors,Florida Governor's Commission on Volunteerism and Community Service -- Note added 11/9/15 19:00
volunteer mississippi,"Volunteer Mississippi, A Mississippi Commission for Volunteer Service (MCVS) -- Note added 7/28/14 14:58"
north carolina,North Carolina Commission on Volunteerism and Community Service -- Note added 11/10/15 20:34
virginia rehabilitation,Virginia Rehabilitation Center for the Blind and Vision Impaired -- Note added 8/27/15 15:09
virginia rural,Virginia Rural Water Association -- Note added 7/23/13 19:42
virginia state,Virginia State Bar -- Note added 7/11/14 20:21
vermont national,Vermont National Guard -- Note added 1/23/14 14:03
vermont lottery,Vermont Lottery -- Note added 6/12/13 14:27
washington blueberry,Washington Blueberry Commission -- Note added 11/12/14 6:30
washington hardwoods,Washington Hardwoods Commission -- Note added 11/12/14 6:29
washington state,Washington State Lottery -- Note added 12/2/14 7:23
washington state,Washington State Seed Potato Commission -- Note added 11/12/14 6:26
travel tourism,Travel and Tourism Site for the District of Columbia -- Note added 6/6/13 19:31
washington air,Washington Air National Guard -- Note added 1/3/14 13:08
washington army,Washington Army National Guard -- Note added 1/23/14 14:03
washington national,Washington National Guard -- Note added 1/23/14 14:03
washington state,Washington State Wine Commission -- Note added 11/12/14 6:23
washington association,Washington Association of Sheriffs and Police Chiefs -- Note added 11/12/14 6:22
waterparkin website,"Waterparkin', a website of the Pat Harrison Waterway District (PHWD) a Mississippi State Agency that provides camping, cabins and recreational facilities in Mississippi. See historical snaphot at: http://web.archive.org/web/20101224004547/http://waterparkin.com/  -- Note added 1/13/14 20:28"
way lived,"The Way We Lived in North Carolina, presented by http://www.ah.dcr.state.nc.us/ The North Carolina Office of Archives & History. -- Note added 8/13/14 17:41"
state wisconsin,State of Wisconsin Department of Financial Institutions -- Note added 8/11/14 5:34
university rhode,University of Rhode Island Cooperative Extension -- Note added 6/7/13 18:31
washington economic,Washington Economic Development Finance Authority -- Note added 11/12/14 6:21
womens health,"Women's Health Branch, NC Division of Public Health -- Note added 7/26/13 15:11"
wisconsin housing,Wisconsin Housing and Economic Development Authority -- Note added 8/11/14 5:30
washington higher,Washington Higher Education Facilities Authority -- Note added 4/8/14 18:33
oklahoma department,Oklahoma Department of Wildlife Conservation - http://www.wildlifedepartment.com/  -- Note added 10/29/13 15:11
wisconsin lottery,Wisconsin Lottery -- Note added 6/12/13 14:28
virgin islands,Virgin Islands Lottery -- Note added 6/12/13 14:29
wisconsin historical,Wisconsin Historical Society -- Note added 8/11/14 5:26
wisconsin state,Wisconsin State Public Defender's Office -- Note added 6/14/13 17:38
register deeds,Register of Deeds Association of Wisconsin -- Note added 8/11/14 5:23
dept health,"NC Dept of Health and Human services, division of State operated healthcare facilities -- Note added 9/14/15 20:51"
washington state,Washington State Convention Center -- Note added 11/6/14 7:30
washington state,Washington State Commission on Pesticide Registration -- Note added 11/6/14 7:32
washington state,Washington State Housing Finance Commission -- Note added 11/6/14 7:27
washington state,Washington State School for the Blind -- Note added 7/31/13 16:31
west virginia,West Virginia Department of Agriculture -- Note added 3/31/14 13:07
west virginia,West Virginia Department of Commerce -- Note added 3/24/14 16:50
west virginia,West Virginia Division of Culture and History -- Note added 3/31/14 13:08
west virginia,West Virginia Department of Health and Human Resources -- Note added 7/24/14 5:50
west virginia,West Virginia Housing Development Fund -- Note added 7/24/14 5:51
west virginia,West Virginia Higher Education Policy Commission -- Note added 3/31/14 13:12
west virginia,"West Virginia Department of Commerce, Division of Labor -- Note added 7/24/14 5:52"
west virginia,West Virginia Lottery -- Note added 6/12/13 14:29
west virginia,West Virginia Network for Educational Telecomputing -- Note added 7/24/14 5:54
west virginia,West Virginia Consolidated Public Retirement Board -- Note added 3/31/14 13:33
west virginia,West Virginia State Parks -- Note added 3/31/14 13:34
west virginia,West Virginia State Treasurer's Office -- Note added 3/31/14 13:35
travel tourism,Travel and Tourism Site for West Virginia -- Note added 6/6/13 19:18
west virginia,West Virginia Water Development Authority -- Note added 7/24/14 5:57
montana army,Montana Army National Guard -- Note added 3/2/15 6:52
wyoming business,Wyoming Business Council -- Note added 6/7/13 16:41
travel tourism,Travel and Tourism Site for Wyoming -- Note added 6/6/13 19:31
virginia economic,"Virginia Economic Development Partnership. As a state authority, the Partnership is governed by a 25 member http://yesvirginia.org/AboutUs/BoardOfDirectors Board Of Directors comprised of businesspersons from around Virginia, each of whom is appointed by the http://www.governor.virginia.gov Governor and the General Assembly.  -- Note added 11/20/13 18:52"
